{
  "POST Register buyer" : {
    "transaction" : "POST Register buyer",
    "sampleCount" : 200,
    "errorCount" : 0,
    "errorPct" : 0.0,
    "meanResTime" : 1200.3950000000007,
    "medianResTime" : 1070.5,
    "minResTime" : 204.0,
    "maxResTime" : 3197.0,
    "pct1ResTime" : 1829.0,
    "pct2ResTime" : 2730.299999999999,
    "pct3ResTime" : 3155.8100000000004,
    "throughput" : 1.3049208565500503,
    "receivedKBytesPerSec" : 0.7416640024532513,
    "sentKBytesPerSec" : 1.9666457131718713
  },
  "GET Seller Product ID" : {
    "transaction" : "GET Seller Product ID",
    "sampleCount" : 200,
    "errorCount" : 0,
    "errorPct" : 0.0,
    "meanResTime" : 1263.0300000000004,
    "medianResTime" : 1103.5,
    "minResTime" : 185.0,
    "maxResTime" : 4300.0,
    "pct1ResTime" : 1740.9,
    "pct2ResTime" : 2961.699999999998,
    "pct3ResTime" : 4193.520000000002,
    "throughput" : 1.2994860532659334,
    "receivedKBytesPerSec" : 0.8946656909692217,
    "sentKBytesPerSec" : 0.4530434775546271
  },
  "POST Register" : {
    "transaction" : "POST Register",
    "sampleCount" : 200,
    "errorCount" : 0,
    "errorPct" : 0.0,
    "meanResTime" : 1146.065,
    "medianResTime" : 962.0,
    "minResTime" : 426.0,
    "maxResTime" : 2870.0,
    "pct1ResTime" : 2073.2000000000003,
    "pct2ResTime" : 2545.0,
    "pct3ResTime" : 2868.99,
    "throughput" : 1.270987175739397,
    "receivedKBytesPerSec" : 0.7310658657329148,
    "sentKBytesPerSec" : 1.9273204849769314
  },
  "GET Buyer Order by ID" : {
    "transaction" : "GET Buyer Order by ID",
    "sampleCount" : 200,
    "errorCount" : 0,
    "errorPct" : 0.0,
    "meanResTime" : 656.0849999999999,
    "medianResTime" : 611.0,
    "minResTime" : 61.0,
    "maxResTime" : 2971.0,
    "pct1ResTime" : 976.0000000000002,
    "pct2ResTime" : 1020.8499999999999,
    "pct3ResTime" : 2749.1700000000137,
    "throughput" : 1.3529236680466488,
    "receivedKBytesPerSec" : 1.5933847106096273,
    "sentKBytesPerSec" : 0.4677099399301891
  },
  "DELETE Buyer Order" : {
    "transaction" : "DELETE Buyer Order",
    "sampleCount" : 200,
    "errorCount" : 0,
    "errorPct" : 0.0,
    "meanResTime" : 824.735,
    "medianResTime" : 718.5,
    "minResTime" : 48.0,
    "maxResTime" : 3891.0,
    "pct1ResTime" : 1229.9,
    "pct2ResTime" : 1439.2499999999998,
    "pct3ResTime" : 3879.8100000000086,
    "throughput" : 1.3612572572027524,
    "receivedKBytesPerSec" : 0.42539289287586013,
    "sentKBytesPerSec" : 0.49983664912913567
  },
  "POST Seller Product" : {
    "transaction" : "POST Seller Product",
    "sampleCount" : 200,
    "errorCount" : 0,
    "errorPct" : 0.0,
    "meanResTime" : 1930.5250000000005,
    "medianResTime" : 1714.5,
    "minResTime" : 810.0,
    "maxResTime" : 5852.0,
    "pct1ResTime" : 2557.6000000000004,
    "pct2ResTime" : 4414.099999999992,
    "pct3ResTime" : 5621.780000000001,
    "throughput" : 1.2765604355624207,
    "receivedKBytesPerSec" : 0.8302629395357151,
    "sentKBytesPerSec" : 62.57813946103619
  },
  "PUT Buyer Order by ID" : {
    "transaction" : "PUT Buyer Order by ID",
    "sampleCount" : 200,
    "errorCount" : 0,
    "errorPct" : 0.0,
    "meanResTime" : 1040.905,
    "medianResTime" : 878.0,
    "minResTime" : 69.0,
    "maxResTime" : 6242.0,
    "pct1ResTime" : 1614.0000000000002,
    "pct2ResTime" : 1976.1999999999998,
    "pct3ResTime" : 5015.900000000003,
    "throughput" : 1.3567140385985144,
    "receivedKBytesPerSec" : 0.8810691754570431,
    "sentKBytesPerSec" : 0.5312913373808635
  },
  "DELETE Seller Product" : {
    "transaction" : "DELETE Seller Product",
    "sampleCount" : 200,
    "errorCount" : 0,
    "errorPct" : 0.0,
    "meanResTime" : 1468.0249999999996,
    "medianResTime" : 1264.0,
    "minResTime" : 73.0,
    "maxResTime" : 6259.0,
    "pct1ResTime" : 2316.2,
    "pct2ResTime" : 2739.499999999999,
    "pct3ResTime" : 6248.750000000009,
    "throughput" : 1.3644519337695031,
    "receivedKBytesPerSec" : 0.41573144857039546,
    "sentKBytesPerSec" : 0.5050071122057047
  },
  "GET Buyer Product" : {
    "transaction" : "GET Buyer Product",
    "sampleCount" : 200,
    "errorCount" : 0,
    "errorPct" : 0.0,
    "meanResTime" : 883.3700000000001,
    "medianResTime" : 730.5,
    "minResTime" : 271.0,
    "maxResTime" : 2765.0,
    "pct1ResTime" : 1514.7,
    "pct2ResTime" : 1615.1499999999996,
    "pct3ResTime" : 2510.67,
    "throughput" : 1.3168897697418238,
    "receivedKBytesPerSec" : 1.5959572307125034,
    "sentKBytesPerSec" : 0.3227923166066385
  },
  "POST Buyer Order" : {
    "transaction" : "POST Buyer Order",
    "sampleCount" : 200,
    "errorCount" : 0,
    "errorPct" : 0.0,
    "meanResTime" : 1607.3999999999994,
    "medianResTime" : 1522.5,
    "minResTime" : 105.0,
    "maxResTime" : 6757.0,
    "pct1ResTime" : 2110.8,
    "pct2ResTime" : 3264.999999999998,
    "pct3ResTime" : 6328.68,
    "throughput" : 1.340554453321894,
    "receivedKBytesPerSec" : 0.8784297247841707,
    "sentKBytesPerSec" : 0.5511459227036302
  },
  "GET Buyer Order" : {
    "transaction" : "GET Buyer Order",
    "sampleCount" : 200,
    "errorCount" : 0,
    "errorPct" : 0.0,
    "meanResTime" : 767.5099999999995,
    "medianResTime" : 695.5,
    "minResTime" : 54.0,
    "maxResTime" : 3174.0,
    "pct1ResTime" : 1223.2000000000003,
    "pct2ResTime" : 1489.0499999999981,
    "pct3ResTime" : 2950.8800000000083,
    "throughput" : 1.3482994573094684,
    "receivedKBytesPerSec" : 1.5905720160447634,
    "sentKBytesPerSec" : 0.45821114369501464
  },
  "POST Login buyer" : {
    "transaction" : "POST Login buyer",
    "sampleCount" : 200,
    "errorCount" : 0,
    "errorPct" : 0.0,
    "meanResTime" : 729.3300000000004,
    "medianResTime" : 618.0,
    "minResTime" : 219.0,
    "maxResTime" : 2559.0,
    "pct1ResTime" : 1266.3000000000002,
    "pct2ResTime" : 1574.5999999999995,
    "pct3ResTime" : 2453.3000000000015,
    "throughput" : 1.3167423793534796,
    "receivedKBytesPerSec" : 0.6403688524590164,
    "sentKBytesPerSec" : 0.34590205082625586
  },
  "GET Seller Product" : {
    "transaction" : "GET Seller Product",
    "sampleCount" : 200,
    "errorCount" : 0,
    "errorPct" : 0.0,
    "meanResTime" : 1268.0700000000006,
    "medianResTime" : 1136.5,
    "minResTime" : 492.0,
    "maxResTime" : 4162.0,
    "pct1ResTime" : 1602.6000000000004,
    "pct2ResTime" : 2929.1499999999933,
    "pct3ResTime" : 4154.730000000006,
    "throughput" : 1.292457219666029,
    "receivedKBytesPerSec" : 0.8923508342811353,
    "sentKBytesPerSec" : 0.4430200040066174
  },
  "Total" : {
    "transaction" : "Total",
    "sampleCount" : 3000,
    "errorCount" : 0,
    "errorPct" : 0.0,
    "meanResTime" : 1063.1873333333335,
    "medianResTime" : 891.5,
    "minResTime" : 44.0,
    "maxResTime" : 6757.0,
    "pct1ResTime" : 1885.0,
    "pct2ResTime" : 2316.5999999999985,
    "pct3ResTime" : 4182.789999999995,
    "throughput" : 18.544045198019496,
    "receivedKBytesPerSec" : 12.976002460176664,
    "sentKBytesPerSec" : 69.13628115399594
  },
  "POST Login seller" : {
    "transaction" : "POST Login seller",
    "sampleCount" : 200,
    "errorCount" : 0,
    "errorPct" : 0.0,
    "meanResTime" : 674.625,
    "medianResTime" : 605.0,
    "minResTime" : 212.0,
    "maxResTime" : 2507.0,
    "pct1ResTime" : 1048.6000000000001,
    "pct2ResTime" : 1391.9999999999989,
    "pct3ResTime" : 2260.75,
    "throughput" : 1.278976818545164,
    "receivedKBytesPerSec" : 0.6257494004796164,
    "sentKBytesPerSec" : 0.3359812150279776
  },
  "GET Buyer Product by ID" : {
    "transaction" : "GET Buyer Product by ID",
    "sampleCount" : 200,
    "errorCount" : 0,
    "errorPct" : 0.0,
    "meanResTime" : 487.7400000000001,
    "medianResTime" : 419.5,
    "minResTime" : 44.0,
    "maxResTime" : 1952.0,
    "pct1ResTime" : 787.5,
    "pct2ResTime" : 1116.3999999999996,
    "pct3ResTime" : 1737.5000000000005,
    "throughput" : 1.3309465026053278,
    "receivedKBytesPerSec" : 1.139882893344602,