{
  "DELETE Product" : {
    "transaction" : "DELETE Product",
    "sampleCount" : 200,
    "errorCount" : 0,
    "errorPct" : 0.0,
    "meanResTime" : 791.5299999999997,
    "medianResTime" : 540.0,
    "minResTime" : 41.0,
    "maxResTime" : 4239.0,
    "pct1ResTime" : 1907.9,
    "pct2ResTime" : 2442.849999999999,
    "pct3ResTime" : 3942.3900000000076,
    "throughput" : 1.0945948904310516,
    "receivedKBytesPerSec" : 0.9396626800608594,
    "sentKBytesPerSec" : 0.4831610258543313
  },
  "POST Registration seller" : {
    "transaction" : "POST Registration seller",
    "sampleCount" : 200,
    "errorCount" : 0,
    "errorPct" : 0.0,
    "meanResTime" : 2144.769999999999,
    "medianResTime" : 2045.5,
    "minResTime" : 662.0,
    "maxResTime" : 4749.0,
    "pct1ResTime" : 3387.9,
    "pct2ResTime" : 3851.599999999999,
    "pct3ResTime" : 4307.92,
    "throughput" : 1.0045203415369162,
    "receivedKBytesPerSec" : 1.7165084677925666,
    "sentKBytesPerSec" : 0.30214088397790057
  },
  "GET Categories" : {
    "transaction" : "GET Categories",
    "sampleCount" : 200,
    "errorCount" : 0,
    "errorPct" : 0.0,
    "meanResTime" : 697.1900000000004,
    "medianResTime" : 546.5,
    "minResTime" : 72.0,
    "maxResTime" : 2493.0,
    "pct1ResTime" : 1499.1000000000001,
    "pct2ResTime" : 1688.55,
    "pct3ResTime" : 2360.0800000000017,
    "throughput" : 1.0542017847636216,
    "receivedKBytesPerSec" : 1.10155850556355,
    "sentKBytesPerSec" : 0.4385644143645535
  },
  "GET Users Offers" : {
    "transaction" : "GET Users Offers",
    "sampleCount" : 200,
    "errorCount" : 0,
    "errorPct" : 0.0,
    "meanResTime" : 843.1699999999998,
    "medianResTime" : 639.0,
    "minResTime" : 50.0,
    "maxResTime" : 3299.0,
    "pct1ResTime" : 1887.8000000000002,
    "pct2ResTime" : 2164.6499999999996,
    "pct3ResTime" : 3196.84,
    "throughput" : 1.087689529900585,
    "receivedKBytesPerSec" : 1.1985616325675998,
    "sentKBytesPerSec" : 0.46099341403989647
  },
  "GET Products ID" : {
    "transaction" : "GET Products ID",
    "sampleCount" : 200,
    "errorCount" : 0,
    "errorPct" : 0.0,
    "meanResTime" : 1024.23,
    "medianResTime" : 773.0,
    "minResTime" : 38.0,
    "maxResTime" : 4260.0,
    "pct1ResTime" : 2106.7000000000003,
    "pct2ResTime" : 2523.549999999999,
    "pct3ResTime" : 3660.3400000000006,
    "throughput" : 1.081279802774564,
    "receivedKBytesPerSec" : 2.1871787838710897,
    "sentKBytesPerSec" : 0.45405304218072506
  },
  "POST Offers" : {
    "transaction" : "POST Offers",
    "sampleCount" : 200,
    "errorCount" : 0,
    "errorPct" : 0.0,
    "meanResTime" : 1176.065000000001,
    "medianResTime" : 959.0,
    "minResTime" : 120.0,
    "maxResTime" : 4039.0,
    "pct1ResTime" : 2145.9,
    "pct2ResTime" : 2465.5499999999993,
    "pct3ResTime" : 3824.630000000002,
    "throughput" : 1.084857558202608,
    "receivedKBytesPerSec" : 3.26913985373408,
    "sentKBytesPerSec" : 0.5710334217492243
  },
  "PUT Products ID" : {
    "transaction" : "PUT Products ID",
    "sampleCount" : 200,
    "errorCount" : 0,
    "errorPct" : 0.0,
    "meanResTime" : 1820.9200000000003,
    "medianResTime" : 1894.5,
    "minResTime" : 419.0,
    "maxResTime" : 6498.0,
    "pct1ResTime" : 2328.8,
    "pct2ResTime" : 2504.75,
    "pct3ResTime" : 4065.900000000003,
    "throughput" : 1.0636770251080963,
    "receivedKBytesPerSec" : 2.2162552203273997,
    "sentKBytesPerSec" : 103.06662656825883
  },
  "GET Profile seller" : {
    "transaction" : "GET Profile seller",
    "sampleCount" : 200,
    "errorCount" : 0,
    "errorPct" : 0.0,
    "meanResTime" : 1577.925,
    "medianResTime" : 1397.5,
    "minResTime" : 197.0,
    "maxResTime" : 4591.0,
    "pct1ResTime" : 3156.0,
    "pct2ResTime" : 3688.9499999999994,
    "pct3ResTime" : 4126.920000000001,
    "throughput" : 1.0343186942760805,
    "receivedKBytesPerSec" : 1.4525006108944787,
    "sentKBytesPerSec" : 0.42827258434868953
  },
  "POST Products" : {
    "transaction" : "POST Products",
    "sampleCount" : 200,
    "errorCount" : 0,
    "errorPct" : 0.0,
    "meanResTime" : 1287.5349999999994,
    "medianResTime" : 1220.0,
    "minResTime" : 458.0,
    "maxResTime" : 4068.0,
    "pct1ResTime" : 1838.4,
    "pct2ResTime" : 1947.5999999999995,
    "pct3ResTime" : 3615.8700000000053,
    "throughput" : 1.0630438133507671,
    "receivedKBytesPerSec" : 2.2142091834361826,
    "sentKBytesPerSec" : 52.24768987291311
  },
  "GET Category ID" : {
    "transaction" : "GET Category ID",
    "sampleCount" : 200,
    "errorCount" : 0,
    "errorPct" : 0.0,
    "meanResTime" : 556.2100000000002,
    "medianResTime" : 409.0,
    "minResTime" : 89.0,
    "maxResTime" : 2520.0,
    "pct1ResTime" : 1230.3,
    "pct2ResTime" : 1547.7499999999998,
    "pct3ResTime" : 2179.510000000001,
    "throughput" : 1.063637427273791,
    "receivedKBytesPerSec" : 0.7634506924279651,
    "sentKBytesPerSec" : 0.4445672059308423
  },
  "Total" : {
    "transaction" : "Total",
    "sampleCount" : 2800,
    "errorCount" : 0,
    "errorPct" : 0.0,
    "meanResTime" : 1429.2746428571406,
    "medianResTime" : 1120.0,
    "minResTime" : 38.0,
    "maxResTime" : 7159.0,
    "pct1ResTime" : 2954.7000000000003,
    "pct2ResTime" : 3749.0,
    "pct3ResTime" : 4724.969999999999,
    "throughput" : 13.758875703299674,
    "receivedKBytesPerSec" : 23.852991941229945,
    "sentKBytesPerSec" : 419.21940550447164
  },
  "PUT Profile seller" : {
    "transaction" : "PUT Profile seller",
    "sampleCount" : 200,
    "errorCount" : 0,
    "errorPct" : 0.0,
    "meanResTime" : 3534.144999999999,
    "medianResTime" : 3485.0,
    "minResTime" : 1303.0,
    "maxResTime" : 7159.0,
    "pct1ResTime" : 4863.400000000001,
    "pct2ResTime" : 5104.75,
    "pct3ResTime" : 6819.61000000001,
    "throughput" : 1.0087407384990947,
    "receivedKBytesPerSec" : 1.4161971293760434,
    "sentKBytesPerSec" : 278.3563276966792
  },
  "GET Products" : {
    "transaction" : "GET Products",
    "sampleCount" : 200,
    "errorCount" : 0,
    "errorPct" : 0.0,
    "meanResTime" : 1206.2899999999995,
    "medianResTime" : 1218.5,
    "minResTime" : 47.0,
    "maxResTime" : 2670.0,
    "pct1ResTime" : 1986.0000000000002,
    "pct2ResTime" : 2256.4499999999994,
    "pct3ResTime" : 2580.4000000000005,
    "throughput" : 1.0724665658548094,
    "receivedKBytesPerSec" : 2.263710898539301,
    "sentKBytesPerSec" : 0.48072475949937266
  },
  "POST Sign in seller" : {
    "transaction" : "POST Sign in seller",
    "sampleCount" : 200,
    "errorCount" : 0,
    "errorPct" : 0.0,
    "meanResTime" : 2641.0150000000003,
    "medianResTime" : 2694.5,
    "minResTime" : 596.0,
    "maxResTime" : 4671.0,
    "pct1ResTime" : 3955.4,
    "pct2ResTime" : 4417.0,
    "pct3ResTime" : 4658.530000000001,
    "throughput" : 1.0035273988068059,
    "receivedKBytesPerSec" : 1.7150518447342409,
    "sentKBytesPerSec" : 0.2832220881398114
  },
  "PUT Offers ID" : {
    "transaction" : "PUT Offers ID",
    "sampleCount" : 200,
    "errorCount" : 0,
    "errorPct" : 0.0,
    "meanResTime" : 708.8500000000006,
    "medianResTime" : 505.0,
    "minResTime" : 108.0,
    "maxResTime" : 3230.0,
    "pct1ResTime" : 1566.1000000000001,
    "pct2ResTime" : 2235.599999999999,
    "pct3ResTime" : 2817.1000000000026,
    "throughput" : 1.0915958039057299,
    "receivedKBytesPerSec" : 3.2840297316584617,
    "sentKBytesPerSec" : 0.5298077290440896
  }
}